ACCIDENT_YEAR,COLLISION_DATE,COLLISION_TIME,MONTH,SEASON,24HOURS,DAY_OF_WEEK,INTERSECTION,WEATHER_1,STATE_HWY_IND,ROAD_SURFACE,ROAD_COND_1,LIGHTING,STWD_VEHTYPE_AT_FAULT,CHP_VEHTYPE_AT_FAULT,DIRECTION,PCF_VIOL_CATEGORY,TYPE_OF_COLLISION,PEDESTRIAN_ACCIDENT,BICYCLE_ACCIDENT,MOTORCYCLE_ACCIDENT,TRUCK_ACCIDENT,MVIW,TOW_AWAY,HIT_AND_RUN,CONTROL_DEVICE,NUMBER_INJURED,COUNT_PED_INJURED,COUNT_BICYCLIST_INJURED,COUNT_MC_INJURED,PCF_VIOLATION,PARTY_COUNT,POINT_Y,POINT_X,COLLISION_SEVERITY
2011,2011-07-19,1820,7,2,18,2,N,A,Y,A,H,A,A,01,N,01,B,,,,,C,Y,N,D,1,0,0,0,23152.0,2,38.93774304,-122.75753534,3
2011,2011-07-24,1005,7,2,10,7,N,A,Y,A,H,A,A,07,W,09,A,,,Y,,C,Y,N,D,1,0,0,1,21801.0,2,39.18627416,-123.02851496,2
2011,2011-07-26,1755,7,2,17,2,N,A,Y,A,H,A,A,01,N,03,E,,,,,I,Y,N,D,1,0,0,0,22350.0,1,38.83244135,-122.58833454,3
2011,2011-08-06,215,8,2,2,6,N,A,Y,A,H,C,A,07,N,08,F,,,,,I,Y,M,D,1,0,0,0,22107.0,1,39.12292963,-122.84808836,3
2011,2011-08-11,1953,8,2,19,4,N,A,N,A,H,C,A,01,N,01,E,,,,,I,Y,M,D,1,0,0,0,23152.0,1,39.0236485,-122.88783495,3
2011,2011-08-14,1140,8,2,11,7,N,A,N,A,H,A,A,01,E,08,E,,,,,I,Y,N,D,2,0,0,0,22107.0,1,38.90892,-122.59019,2
2011,2011-08-15,1650,8,2,16,1,N,A,N,A,H,A,A,01,S,08,E,,,,,I,Y,N,D,1,0,0,0,22107.0,1,38.90573054,-122.76127274,4
2011,2011-08-05,1550,8,2,15,5,N,A,N,A,H,A,A,01,W,08,E,,,,,I,Y,N,D,1,0,0,0,22107.0,1,38.70861282,-122.46863723,4
2011,2011-07-28,730,7,2,7,4,N,A,Y,A,H,A,-,- ,E,18,E,,,,,I,Y,N,D,1,0,0,0,,1,38.75705646,-122.63320852,4
2011,2011-07-31,1740,7,2,17,7,N,A,Y,A,H,A,C,02,E,08,F,,,Y,,A,N,N,D,1,0,0,1,22107.0,1,39.00124634,-122.51451773,3
2011,2011-08-10,1234,8,2,12,3,N,A,Y,A,H,A,A,01,S,08,E,,,,,I,Y,N,D,1,0,0,0,22107.0,1,38.92001487,-122.70986,2
2011,2011-08-15,1335,8,2,13,1,N,A,Y,A,H,A,A,01,N,08,E,,,,,I,Y,N,D,1,0,0,0,22107.0,1,38.91597304,-122.6932929,3
2011,2011-08-01,1350,8,2,13,1,N,A,Y,A,H,A,A,01,S,08,E,,,,,I,Y,N,D,1,0,0,0,22107.0,1,38.77594332,-122.57967805,4
2011,2011-08-04,1859,8,2,18,4,N,A,Y,A,H,A,A,01,S,08,F,,,,,A,Y,N,D,1,0,0,0,22107.0,1,38.83994985,-122.59341911,4
2011,2011-07-12,2120,7,2,21,2,N,A,N,A,H,C,N,60,,11,G,Y,,,,B,N,N,D,1,1,0,0,21956.0,2,38.94985577,-122.62934221,4
2011,2011-08-18,900,8,2,9,4,N,A,N,A,H,A,A,01,S,17,A,,,,Y,C,Y,N,D,1,0,0,0,21662.0,2,38.89817916,-122.63891461,3
2011,2011-08-15,1210,8,2,12,1,Y,A,Y,A,H,A,A,01,,09,D,,,,,C,Y,N,A,1,0,0,0,21801.0,2,38.88006456,-122.61325942,4
2011,2011-06-26,2155,6,2,21,7,N,-,N,-,-,-,-,- ,N,05,-,,,,,-,Y,F,-,2,0,0,0,21650.0,2,,,4
2011,2011-06-19,625,6,2,6,7,Y,A,N,A,H,A,A,01,,01,E,,,,,I,Y,N,D,1,0,0,0,23152.0,1,38.96883,-122.64291,3
2011,2011-08-11,1830,8,2,18,4,N,A,Y,A,H,A,D,22,E,01,E,,,,,I,Y,N,D,1,0,0,0,23152.0,1,38.99493276,-122.52224611,3
2011,2011-06-23,1506,6,2,15,4,Y,A,Y,A,H,A,A,01,,09,D,,,,Y,C,Y,N,A,1,0,0,0,21802.0,2,38.79228301,-122.56588701,1
2011,2011-08-18,2300,8,2,23,4,N,A,N,A,H,D,D,22,W,01,F,,,,,A,Y,N,D,4,0,0,0,23152.0,1,38.98263188,-122.87597706,1
2011,2011-08-29,1035,8,2,10,1,Y,A,N,A,H,A,A,01,,12,D,,,Y,,C,Y,N,A,0,0,0,0,22450.0,2,39.011238,-122.847588,1
2011,2011-10-17,200,10,3,2,1,N,A,Y,A,H,D,A,01,W,01,E,,,,,I,Y,N,D,1,0,0,0,23152.0,1,39.16487506,-122.96608342,1
2011,2011-09-02,1940,9,3,19,5,N,A,N,A,H,B,D,22,,08,E,,,,,I,N,N,D,1,0,0,0,22107.0,1,38.9595216,-122.63069613,3
2011,2011-08-11,1910,8,2,19,4,Y,A,N,A,H,A,D,22,,03,G,Y,,,,B,N,F,D,1,1,0,0,22350.0,2,38.95057,-122.61517,4
2011,2011-09-14,1725,9,3,17,3,Y,A,Y,A,H,A,A,01,,09,D,,,,,C,Y,N,A,1,0,0,0,21802.0,2,39.14165657,-122.88289924,4
2011,2011-09-06,1909,9,3,19,2,N,A,N,A,H,B,A,01,S,09,D,,,Y,,C,Y,N,D,1,0,0,1,21801.0,2,38.99358301,-122.88856116,2
2011,2011-09-01,1340,9,3,13,4,N,A,Y,A,H,A,A,08,S,08,E,,,,,I,Y,N,D,1,0,0,0,22107.0,1,39.14895235,-122.91967352,3
2011,2011-09-03,300,9,3,3,6,N,A,Y,A,H,D,D,23,S,08,E,,,,,I,Y,N,D,1,0,0,0,22107.0,1,38.69079505,-122.5974833,3
2011,2011-09-16,915,9,3,9,5,N,A,Y,A,H,A,D,22,E,21,C,,,,,C,Y,N,A,1,0,0,0,22106.0,2,39.16345769,-122.92046165,4
2011,2011-09-19,1527,9,3,15,1,N,A,N,A,-,A,D,23,E,03,C,,,,,C,Y,N,D,1,0,0,0,22350.0,2,38.98234505,-122.85172678,4
2011,2011-09-28,1310,9,3,13,3,N,A,N,A,H,A,D,22,W,08,E,,,,,I,Y,N,D,1,0,0,0,22107.0,1,39.01124219,-122.84944654,4
2011,2011-08-21,538,8,2,5,7,N,A,N,A,H,D,A,01,W,01,E,,,,,I,Y,N,D,1,0,0,0,23152.0,1,38.94402953,-122.67662823,3
2011,2011-08-23,20,8,2,0,2,N,A,Y,A,H,D,A,01,S,01,E,,,,,I,Y,N,D,1,0,0,0,23152.0,1,38.85596324,-122.62305456,3
2011,2011-09-03,1730,9,3,17,6,N,A,N,A,G,A,D,22,N,01,E,,,,,I,Y,N,D,1,0,0,0,23152.0,1,38.81374781,-122.62045465,4
2011,2011-09-06,605,9,3,6,2,N,A,Y,A,H,B,D,22,N,08,F,,,,,J,Y,N,D,1,0,0,0,22107.0,1,38.80932641,-122.57288383,4
2011,2011-08-30,2123,8,2,21,2,N,A,N,A,H,D,D,22,E,17,E,,,,,I,Y,N,D,1,0,0,0,23115.0,1,39.12256653,-122.85384247,3
2011,2011-09-10,1046,9,3,10,6,Y,A,Y,A,H,A,D,22,,09,D,,,Y,,C,Y,N,A,1,0,0,1,21801.0,2,38.75255469,-122.61591351,3
2011,2011-08-26,1510,8,2,15,5,N,A,Y,A,H,A,-,- ,W,18,E,,,Y,,J,N,N,D,2,0,0,2,,1,39.01369483,-122.63513225,3
2011,2011-09-26,1059,9,3,10,1,Y,A,Y,A,H,A,-,- ,,12,D,,,,,C,Y,N,A,2,0,0,0,21453.0,2,39.01693202,-122.912953,4
2011,2011-09-17,233,9,3,2,6,N,A,Y,A,H,C,D,22,N,01,E,,,,,I,Y,N,D,1,0,0,0,23152.0,1,38.91567296,-122.61232873,4
2011,2011-09-29,1757,9,3,17,4,N,A,N,A,H,A,D,22,N,08,B,,,,,C,N,N,D,2,0,0,0,22107.0,2,39.12350858,-122.8566502,4
2011,2011-09-26,710,9,3,7,1,N,A,Y,A,D,A,D,22,S,03,C,,,,,C,N,N,D,1,0,0,0,22350.0,2,38.69638906,-122.59935736,4
2011,2011-10-03,1710,10,3,17,1,N,B,Y,B,H,A,A,01,W,05,A,,,,,C,Y,N,D,2,0,0,0,21460.0,2,39.05408358,-122.78241417,4
2011,2011-09-16,940,9,3,9,5,N,A,Y,A,H,A,-,- ,W,18,H,,,Y,,H,Y,N,D,1,0,0,1,,1,38.83447472,-122.72416514,2
2011,2011-10-03,720,10,3,7,1,N,B,Y,B,H,A,A,01,W,08,E,,,,,I,N,N,D,1,0,0,0,22107.0,1,39.18697745,-123.03035037,4
2011,2011-09-25,1305,9,3,13,7,N,A,Y,A,H,A,C,02,E,08,E,,,Y,,I,N,N,D,1,0,0,1,22107.0,1,39.01574507,-122.58964334,4
2011,2011-10-01,1500,10,3,15,6,N,B,Y,A,H,A,C,02,E,08,F,,,Y,,A,Y,N,D,1,0,0,1,22107.0,1,38.80747052,-122.7061521,4
2011,2011-09-03,210,9,3,2,6,Y,A,N,A,H,D,A,01,,08,E,,,,,I,Y,M,D,1,0,0,0,22107.0,1,38.96907,-122.64824,4
2011,2011-09-05,1400,9,3,14,1,Y,A,N,A,H,A,D,22,,09,D,,,Y,,C,N,M,A,1,0,0,1,21802.0,2,38.97622,-122.66178,3
2011,2011-09-04,1050,9,3,10,7,N,A,N,A,H,A,A,01,E,09,A,,,,,C,Y,N,D,1,0,0,0,21801.0,2,38.97554491,-122.83136134,3
2011,2011-08-03,1415,8,2,14,3,N,A,Y,A,H,A,-,- ,W,08,G,Y,,,,B,N,F,D,1,1,0,0,22107.0,2,38.92996622,-122.61906753,4
2011,2011-08-01,1250,8,2,12,1,Y,A,N,A,H,A,A,01,,08,E,,,,,I,Y,N,D,1,0,0,0,22107.0,1,38.939202,-122.629329,4
2011,2011-08-24,1744,8,2,17,3,Y,A,Y,A,H,A,A,01,,17,D,,,,,C,Y,N,A,1,0,0,0,21451.0,3,38.92996622,-122.61906753,4
2011,2011-08-06,1225,8,2,12,6,Y,A,N,A,H,A,A,01,,09,D,,,,,C,N,N,D,2,0,0,0,21802.0,2,38.95587142,-122.63140619,4
2011,2011-09-30,1826,9,3,18,5,N,A,Y,A,H,A,A,01,S,03,C,,,,,C,Y,N,A,1,0,0,0,22350.0,2,38.94442968,-122.814854,4
2011,2011-09-28,1135,9,3,11,3,N,A,Y,A,H,A,-,- ,S,18,E,,,,,H,N,N,-,1,0,0,0,,1,38.97939069,-122.84931089,3
2011,2011-08-31,1613,8,2,16,3,N,A,Y,A,H,A,A,01,N,09,D,,,,,C,Y,N,D,1,0,0,0,21801.0,2,38.91160786,-122.61225014,3
2011,2011-10-17,940,10,3,9,1,N,A,Y,A,D,A,A,07,S,03,C,,,,,C,Y,N,A,1,0,0,0,22350.0,3,38.74739778,-122.6183915,3
2011,2011-09-08,1646,9,3,16,4,N,A,Y,A,H,A,A,01,S,03,C,,,,,C,Y,N,A,2,0,0,0,22350.0,2,38.92614761,-122.72175261,3
2011,2011-09-11,450,9,3,4,7,N,A,Y,A,H,D,A,01,E,08,E,,,,,I,Y,N,D,1,0,0,0,22107.0,1,38.99857508,-122.55680333,3
2011,2011-09-08,1720,9,3,17,4,N,A,N,A,H,A,A,01,E,08,E,,,,,I,Y,N,D,1,0,0,0,22107.0,1,38.7377505,-122.56622168,4
2011,2011-10-15,1708,10,3,17,6,N,A,Y,A,H,A,A,01,N,05,A,,,,,C,Y,N,A,1,0,0,0,21460.0,3,38.71598125,-122.61740804,3
2011,2011-10-11,1859,10,3,18,2,N,A,Y,A,H,D,A,01,N,01,E,,,,,I,Y,N,D,1,0,0,0,23152.0,1,38.75744443,-122.6061065,3
2011,2011-10-16,400,10,3,4,7,N,A,Y,A,D,D,A,01,E,01,E,,,,,I,Y,N,D,1,0,0,0,23152.0,1,38.77486593,-122.67284239,3
2011,2011-10-01,230,10,3,2,6,N,B,Y,A,H,D,A,01,S,01,E,,,,,I,Y,N,D,1,0,0,0,23152.0,1,38.73536598,-122.6253471,3
2011,2011-10-08,1600,10,3,16,6,Y,A,Y,A,D,A,C,02,,03,C,,,Y,,C,Y,N,A,1,0,0,1,22350.0,2,38.69669505,-122.5995233,2
2011,2011-10-08,840,10,3,8,6,N,A,N,A,H,A,D,22,W,08,E,,,,,I,Y,N,D,1,0,0,0,22107.0,1,38.74601285,-122.57801478,4
2011,2011-09-27,1100,9,3,11,2,Y,A,Y,A,H,A,A,01,,10,G,Y,,,,B,N,F,D,1,1,0,0,21950.0,2,38.75255469,-122.61591351,4
2011,2011-09-28,1540,9,3,15,3,N,A,Y,A,H,A,A,01,S,03,B,,,,,C,Y,N,D,3,0,0,0,22350.0,2,38.73383207,-122.6243135,4
2011,2011-10-06,1415,10,3,14,4,N,A,Y,A,H,A,A,07,W,08,E,,,,,I,Y,N,D,1,0,0,0,22107.0,1,39.10402775,-122.80951346,3
2011,2011-10-29,330,10,3,3,6,N,A,Y,A,H,D,A,01,N,01,E,,,,,J,Y,N,D,2,0,0,0,23152.0,1,38.7633368,-122.59881467,2
2011,2011-11-20,1243,11,3,12,7,N,A,Y,A,H,A,D,22,E,03,C,,,,,C,N,N,D,2,0,0,0,22350.0,2,39.12564162,-122.86191021,4
2011,2011-11-05,1545,11,3,15,6,N,B,N,B,H,A,C,02,S,03,E,,,Y,,I,Y,N,D,1,0,0,1,22350.0,1,39.09843632,-122.91449665,3
2011,2011-10-24,1615,10,3,16,1,Y,A,Y,A,H,A,A,01,,09,A,,,,,C,Y,N,A,1,0,0,0,21453.0,2,38.97236505,-122.83287337,4
2011,2011-11-22,1142,11,3,11,2,N,B,Y,A,H,A,A,01,S,08,E,,,,,I,Y,N,D,0,0,0,0,22107.0,1,38.93997531,-122.78322733,1
2011,2011-11-27,2259,11,3,22,7,N,B,Y,A,H,D,A,01,N,01,A,,,,,C,Y,N,D,1,0,0,0,23152.0,2,38.94355682,-122.79733933,1
2011,2011-07-26,1605,7,2,16,2,N,A,N,A,H,A,A,07,W,01,H,,,,,A,Y,N,D,0,0,0,0,23152.0,1,38.97223436,-122.66579047,1
2011,2011-07-27,1233,7,2,12,3,N,A,N,A,H,A,N,60,E,11,G,Y,,,,B,N,N,D,0,0,0,0,21954.0,2,39.014906,-122.88873017,1
2011,2011-11-13,1150,11,3,11,7,Y,A,Y,A,H,A,A,01,,09,D,,,,,A,Y,N,-,2,0,0,0,21802.0,2,38.99392505,-122.87928338,3
2011,2011-11-16,1146,11,3,11,3,N,A,Y,A,H,A,C,02,E,08,E,,,Y,,I,Y,N,D,1,0,0,1,22107.0,1,39.02059533,-122.6834459,3
2011,2011-11-10,1545,11,3,15,4,N,A,N,A,H,A,A,01,E,09,D,,,,,C,Y,N,D,2,0,0,0,21804.0,2,38.90344297,-122.73404092,3
2011,2011-11-12,2335,11,3,23,6,N,B,N,A,H,C,A,01,N,01,E,,,,,I,Y,N,A,1,0,0,0,23152.0,1,38.95188808,-122.72505718,3
2011,2011-11-29,1127,11,3,11,2,N,A,N,A,H,A,D,22,S,03,C,,,,,C,N,N,A,1,0,0,0,22350.0,2,38.95055622,-122.62319348,4
2011,2011-11-05,2150,11,3,21,6,N,C,N,B,H,D,F,26,W,01,C,,,,Y,C,Y,M,D,1,0,0,0,23152.0,2,38.93617708,-122.62010584,4
2011,2011-11-03,1741,11,3,17,4,N,A,N,A,H,B,D,82,W,01,E,,,,,I,Y,N,D,1,0,0,0,23152.0,1,38.95070757,-122.62149721,4
2011,2011-11-25,1530,11,3,15,5,N,A,N,A,H,A,A,01,E,08,E,,,,,I,Y,N,D,1,0,0,0,22107.0,1,38.87852923,-122.67642917,4
2011,2011-11-23,1545,11,3,15,3,N,C,Y,B,H,A,A,07,S,01,E,,,,,I,Y,N,D,1,0,0,0,23152.0,1,38.86310881,-122.6264609,4
2011,2011-11-23,1852,11,3,18,3,N,C,Y,B,H,D,A,01,W,05,B,,,,,C,Y,N,D,4,0,0,0,21460.0,3,39.01577432,-122.64025326,2
2011,2011-12-08,1620,12,4,16,4,Y,A,Y,A,H,A,A,01,,08,F,,,,,A,Y,N,D,1,0,0,0,22107.0,1,39.07591711,-122.78296359,4
2011,2011-10-20,2000,10,3,20,4,N,A,Y,A,D,D,-,- ,E,00,B,,,,,C,Y,N,D,1,0,0,0,,2,39.01209158,-122.56124755,3
2011,2011-10-31,2131,10,3,21,1,N,A,N,A,H,D,A,01,E,09,B,,,,,C,N,N,A,2,0,0,0,21800.0,2,38.97620507,-122.65933927,4
2011,2011-12-03,1810,12,4,18,6,N,A,Y,A,H,D,A,01,W,08,A,,,,,C,Y,N,D,2,0,0,0,22107.0,2,39.18716726,-123.03085158,4
2011,2011-11-25,1913,11,3,19,5,N,B,Y,A,H,D,D,22,E,08,E,,,,,J,Y,N,D,1,0,0,0,22107.0,1,39.06489044,-122.78468338,4
2011,2011-12-18,738,12,4,7,7,N,A,Y,A,H,A,A,01,W,08,E,,,,,I,Y,N,D,1,0,0,0,22107.0,1,39.03305256,-122.74297211,3
2011,2011-12-21,10,12,4,0,3,N,A,Y,A,H,D,A,01,N,01,F,,,,,A,Y,N,D,1,0,0,0,23152.0,1,38.85565842,-122.62265848,3
2011,2011-12-14,2500,12,4,25,3,N,A,N,B,H,A,A,01,S,17,E,,,,,I,Y,N,D,1,0,0,0,21662.0,1,38.85623689,-122.76189473,2
2011,2011-12-30,1738,12,4,17,5,N,A,N,A,H,D,D,22,N,01,E,,,,,I,Y,N,D,2,0,0,0,23152.0,1,39.063576,-122.58663483,3
2012,2012-01-01,1805,1,4,18,7,N,A,Y,A,H,D,A,07,E,01,F,,,,,A,Y,N,D,1,0,0,0,23152.0,1,38.83275596,-122.72115424,4
2012,2012-01-27,20,1,4,0,5,N,B,Y,A,H,D,D,22,W,01,E,,,,,I,Y,N,D,2,0,0,0,23152.0,1,38.87659107,-122.72783706,2
2012,2012-01-16,1652,1,4,16,1,Y,A,Y,A,H,A,-,- ,,- ,A,,,,,C,N,N,A,1,0,0,0,,2,38.96411502,-122.61891338,4
2012,2012-01-01,1450,1,4,14,7,N,A,N,A,H,A,A,01,N,21,G,Y,,,,B,N,N,D,1,1,0,0,22106.0,2,39.16576504,-122.90765465,3
2011,2011-12-13,1529,12,4,15,2,N,A,Y,A,H,A,A,01,S,08,H,,,,,I,Y,N,D,2,0,0,0,22107.0,1,38.97878763,-122.61274828,3
2011,2011-12-12,1717,12,4,17,1,-,A,N,A,H,C,A,01,,10,G,Y,,,,B,N,N,D,1,1,0,0,21954.0,2,38.96077,-122.64952,4
2011,2011-12-21,44,12,4,0,3,Y,A,N,A,H,D,A,01,,08,A,,,,,I,Y,M,D,2,0,0,0,22107.0,1,38.93804,-122.61539,4
2012,2012-01-06,2139,1,4,21,5,N,A,N,A,H,D,A,07,N,01,E,,,,,J,Y,N,D,1,0,0,0,23152.0,1,39.04978496,-122.58221312,3
2012,2012-01-08,2159,1,4,21,7,N,A,N,A,H,D,A,01,W,01,E,,,,,I,Y,N,D,1,0,0,0,23152.0,1,38.89899338,-122.55961776,3
2012,2012-01-08,2500,1,4,25,7,N,A,Y,A,H,D,A,01,E,08,E,,,,,I,Y,N,D,1,0,0,0,22107.0,1,38.83666505,-122.72360334,3
2012,2012-01-12,1120,1,4,11,4,N,A,Y,A,H,A,A,07,E,08,B,,,,,C,Y,N,D,1,0,0,0,22107.0,3,39.10814507,-122.81557339,4
2012,2012-01-17,705,1,4,7,2,N,A,Y,A,H,A,F,26,N,03,D,,,,Y,C,N,N,A,1,0,0,0,22350.0,2,38.90335293,-122.61226448,3
2011,2011-12-12,748,12,4,7,1,N,B,Y,B,H,A,A,01,W,03,E,,,,,I,Y,N,D,2,0,0,0,22350.0,1,39.02346746,-122.46072435,3
2011,2011-12-16,2033,12,4,20,5,N,A,Y,A,H,D,A,01,E,08,E,,,,,I,Y,N,D,1,0,0,0,22107.0,1,39.0237104,-122.65633839,4
2011,2011-12-01,910,12,4,9,4,N,A,Y,A,H,A,A,01,E,06,E,,,,,I,Y,N,D,1,0,0,0,21755.0,1,39.04313982,-122.75321543,3
2011,2011-12-09,1915,12,4,19,5,N,A,Y,A,H,D,A,08,E,01,E,,,,,I,Y,M,D,1,0,0,0,23152.0,1,38.77834408,-122.68086627,3
2012,2012-01-02,1209,1,4,12,1,Y,A,Y,A,H,A,G,25,,08,E,,,,Y,I,Y,N,D,1,0,0,0,22107.0,1,39.09121227,-122.79659779,3
2011,2011-12-17,1215,12,4,12,6,N,A,N,A,H,A,A,01,W,01,E,,,,,I,Y,N,D,1,0,0,0,23152.0,1,39.06208517,-122.9367891,3
2011,2011-12-24,35,12,4,0,6,N,A,N,A,H,D,A,07,S,01,E,,,,,I,Y,N,D,1,0,0,0,23152.0,1,39.07685924,-122.60212362,3
2011,2011-12-28,1900,12,4,19,3,N,A,N,B,H,D,A,01,W,08,F,,,,,A,Y,N,D,1,0,0,0,22107.0,1,38.83197044,-122.73452032,4
2011,2011-12-18,1323,12,4,13,7,N,A,N,A,H,A,D,22,W,05,A,,,,,E,Y,N,D,2,0,0,0,21460.0,2,38.96180669,-122.62715404,4
2011,2011-11-01,1723,11,3,17,2,N,B,N,A,H,A,D,23,E,01,D,,,,Y,C,Y,N,D,1,0,0,0,23152.0,2,38.91043,-122.64615,4
2012,2012-01-14,805,1,4,8,6,N,A,Y,A,H,A,D,22,E,08,E,,,,,I,Y,N,D,1,0,0,0,22107.0,1,39.12787933,-122.86602698,3
2012,2012-01-03,1530,1,4,15,2,N,A,Y,A,H,A,D,22,E,01,B,,,,,I,Y,N,D,1,0,0,0,23152.0,1,38.88946929,-122.73227482,2
2011,2011-12-28,820,12,4,8,3,N,B,Y,A,H,A,A,01,W,05,A,,,,,C,Y,N,D,1,0,0,0,21460.0,2,39.08204863,-122.78930087,2
2011,2011-12-29,540,12,4,5,4,N,A,Y,B,H,D,A,01,E,08,E,,,,,I,Y,N,A,1,0,0,0,22107.0,1,39.05908879,-122.7809497,3
2012,2012-01-18,655,1,4,6,3,N,B,Y,C,H,D,D,22,W,03,E,,,,,I,Y,N,D,1,0,0,0,22350.0,1,38.99389519,-122.9294246,4
2012,2012-01-22,1230,1,4,12,7,N,B,Y,B,H,A,A,01,W,09,D,,,,,C,Y,N,D,2,0,0,0,21804.0,2,39.12198728,-122.84072859,3
2012,2012-01-26,1515,1,4,15,4,N,A,Y,A,H,A,D,22,N,01,E,,,,,I,Y,N,D,2,0,0,0,23152.0,1,38.9085586,-122.67613543,3
2012,2012-02-04,1035,2,4,10,6,N,A,N,A,H,A,C,02,S,03,F,,,Y,,A,Y,N,D,1,0,0,1,22350.0,1,38.92572611,-122.61180553,3
2012,2012-02-20,1640,2,4,16,1,N,A,Y,A,H,A,A,01,S,03,C,,,,,C,Y,N,D,1,0,0,0,22350.0,2,38.74204925,-122.62372637,4
2012,2012-01-26,2010,1,4,20,4,Y,A,Y,A,H,C,A,01,,09,D,,,,,C,Y,N,A,1,0,0,0,21802.0,2,38.73167278,-122.62281792,4
2012,2012-01-01,45,1,4,0,7,N,A,N,A,H,D,C,06,E,01,E,,,Y,,I,Y,N,D,1,0,0,1,23152.0,1,39.12440141,-122.85737064,4
2012,2012-01-12,345,1,4,3,4,N,A,N,A,H,D,A,07,S,01,E,,,,,I,Y,N,D,1,0,0,0,23152.0,1,38.87910842,-122.58507103,3
2012,2012-01-23,1220,1,4,12,1,N,B,N,A,H,A,A,07,N,08,E,,,,,I,Y,N,D,1,0,0,0,22107.0,1,38.85747886,-122.76235284,4
2012,2012-01-10,1803,1,4,18,2,N,A,Y,A,H,D,A,08,N,01,A,,,,,C,Y,N,D,1,0,0,0,23152.0,2,38.92637066,-122.72283156,4
2012,2012-01-10,1050,1,4,10,2,Y,A,N,A,H,A,A,01,,09,B,,,,,C,N,N,D,1,0,0,0,21804.0,2,38.96179501,-122.63129333,4
2012,2012-02-02,1821,2,4,18,4,N,A,Y,A,H,D,A,01,W,03,D,,,,,C,Y,N,D,1,0,0,0,22350.0,2,39.19021649,-123.0388063,3
2012,2012-02-20,1949,2,4,19,1,Y,A,Y,A,H,C,N,60,,11,G,Y,,,,B,N,N,A,1,1,0,0,21456.0,2,38.75452406,-122.61383182,3
2012,2012-02-22,1650,2,4,16,3,N,A,Y,A,H,A,D,22,E,08,E,,,,,I,Y,N,D,1,0,0,0,22107.0,1,38.75728944,-122.63407103,2
2012,2012-02-16,1928,2,4,19,4,Y,A,Y,A,H,C,A,01,,09,A,,,,,C,Y,N,A,2,0,0,0,21801.0,2,38.92973045,-122.74166356,4
2012,2012-02-24,30,2,4,0,5,N,A,Y,A,H,D,A,01,N,08,E,,,,,I,Y,N,D,1,0,0,0,22107.0,1,38.90937742,-122.67785032,3
2012,2012-02-15,750,2,4,7,3,Y,A,Y,A,H,A,A,01,,03,C,,,,,C,Y,N,D,2,0,0,0,22350.0,2,38.75675505,-122.60739331,4
2012,2012-02-12,330,2,4,3,7,N,A,Y,A,H,D,A,01,W,08,E,,,,,I,Y,N,D,1,0,0,0,22107.0,1,39.16562684,-122.97720594,3
2012,2012-02-16,910,2,4,9,4,N,A,Y,A,H,A,A,01,S,03,C,,,,,C,Y,N,D,2,0,0,0,22350.0,2,38.75956723,-122.60360968,3
2012,2012-02-02,1035,2,4,10,4,N,A,N,A,H,A,A,01,E,08,F,,,,,A,Y,N,D,2,0,0,0,22107.0,1,38.88520358,-122.7853681,3
2012,2012-02-10,830,2,4,8,5,N,B,N,B,H,A,A,01,W,03,E,,,,,I,Y,N,D,1,0,0,0,22350.0,1,38.90894435,-122.59064198,4
2012,2012-02-16,130,2,4,1,4,N,A,Y,A,H,D,A,01,E,08,E,,,,,I,Y,F,D,3,0,0,0,22107.0,1,39.11112575,-122.81913094,3
2012,2012-02-25,500,2,4,5,6,N,A,Y,A,H,D,D,22,E,08,E,,,,,I,Y,N,D,1,0,0,0,22107.0,1,39.06621214,-122.78404355,4
2012,2012-03-05,1555,3,1,15,1,N,A,Y,A,H,A,H,14,E,08,E,,,,,I,Y,N,D,1,0,0,0,22107.0,1,38.92933866,-122.7808355,3
2012,2012-02-10,1607,2,4,16,5,N,A,Y,A,H,A,A,07,N,09,D,,,,,C,Y,N,D,2,0,0,0,21804.0,2,38.91036909,-122.6371842,4
2012,2012-02-16,1615,2,4,16,4,N,A,Y,D,B,A,C,02,S,03,F,,,Y,,A,N,N,D,1,0,0,1,22350.0,1,39.11526506,-122.9060434,4
2012,2012-02-08,1145,2,4,11,3,N,A,N,A,H,A,A,07,S,03,C,,,,,C,N,N,D,1,0,0,0,22350.0,2,38.98039527,-122.74466484,4
2012,2012-03-13,1100,3,1,11,2,N,B,Y,B,H,A,D,22,N,08,C,,,,,C,N,N,D,1,0,0,0,22107.0,2,38.9986318,-122.88931395,4
2012,2012-03-14,1330,3,1,13,3,N,B,N,B,H,A,D,22,S,08,E,,,,,I,N,N,D,1,0,0,0,22107.0,1,38.89495098,-122.74074159,3
2012,2012-02-25,1956,2,4,19,6,N,A,N,A,H,D,A,01,S,08,E,,,,,I,Y,N,D,1,0,0,0,22107.0,1,39.07558729,-122.91095045,4
2012,2012-01-14,1958,1,4,19,6,N,A,Y,A,H,D,A,01,S,08,A,,,,,C,Y,N,D,3,0,0,0,22107.0,2,38.88478506,-122.60401333,1
2012,2012-02-05,1920,2,4,19,7,N,B,Y,A,H,D,D,22,E,08,F,,,,,A,Y,N,D,1,0,0,0,22107.0,1,39.06198057,-122.78292566,1