ACCIDENT_YEAR,COLLISION_DATE,COLLISION_TIME,MONTH,SEASON,24HOURS,DAY_OF_WEEK,INTERSECTION,WEATHER_1,STATE_HWY_IND,ROAD_SURFACE,ROAD_COND_1,LIGHTING,STWD_VEHTYPE_AT_FAULT,CHP_VEHTYPE_AT_FAULT,DIRECTION,PCF_VIOL_CATEGORY,TYPE_OF_COLLISION,PEDESTRIAN_ACCIDENT,BICYCLE_ACCIDENT,MOTORCYCLE_ACCIDENT,TRUCK_ACCIDENT,MVIW,TOW_AWAY,HIT_AND_RUN,CONTROL_DEVICE,NUMBER_INJURED,COUNT_PED_INJURED,COUNT_BICYCLIST_INJURED,COUNT_MC_INJURED,PCF_VIOLATION,PARTY_COUNT,POINT_Y,POINT_X,COLLISION_SEVERITY
2014,2014-07-19,730,7,2,7,6,N,A,N,A,H,A,A,01,E,01,E,,,,,I,Y,N,D,1,0,0,0,23152.0,1,38.88384234,-122.78468124,3
2014,2014-07-17,1822,7,2,18,4,N,A,Y,A,H,A,A,01,E,01,F,,,,,A,Y,N,D,1,0,0,0,23152.0,1,39.17816183,-123.01736219,3
2014,2014-07-12,2115,7,2,21,6,N,A,N,A,H,D,C,03,W,16,C,,,Y,,C,Y,N,D,1,0,0,1,24002.0,2,39.11837445,-122.88551331,3
2014,2014-08-27,1745,8,2,17,3,N,A,Y,A,H,A,D,22,E,01,E,,,,,I,Y,F,D,1,0,0,0,23152.0,2,38.8761711,-122.73126597,3
2014,2014-05-20,1334,5,1,13,2,Y,A,Y,A,H,A,A,01,,17,A,,,,,C,N,N,A,1,0,0,0,21451.0,2,38.95070255,-122.62319398,4
2014,2014-05-29,1836,5,1,18,4,Y,A,N,A,H,A,A,01,,- ,D,,,,,D,N,N,-,2,0,0,0,,3,38.95080997,-122.63145995,4
2014,2014-07-19,945,7,2,9,6,N,A,Y,A,H,A,A,01,W,03,E,,,,,I,Y,N,D,3,0,0,0,22350.0,1,38.87014139,-122.72046617,3
2014,2014-07-26,1801,7,2,18,6,N,A,N,A,H,A,A,07,W,01,E,,,,,I,Y,N,D,1,0,0,0,23152.0,1,38.94403735,-122.67653052,4
2014,2014-07-11,1233,7,2,12,5,N,A,N,A,H,A,A,07,S,08,E,,,,,I,Y,N,D,1,0,0,0,22107.0,1,38.98212,-122.84236,2
2014,2014-08-01,1840,8,2,18,5,N,A,Y,A,H,A,A,07,N,08,D,,,,,C,Y,N,A,1,0,0,0,22107.0,2,38.73301329,-122.62375818,3
2014,2014-08-05,1149,8,2,11,2,N,B,N,B,H,A,A,07,E,08,E,,,,,I,Y,N,D,1,0,0,0,22107.0,1,39.12084657,-122.8924916,4
2014,2014-08-02,1840,8,2,18,6,N,A,Y,A,H,A,A,01,E,08,B,,,Y,,C,Y,N,D,2,0,0,2,22100.0,2,39.02459683,-122.65820033,3
2014,2014-08-05,1420,8,2,14,2,N,B,N,B,H,A,A,01,N,03,A,,,,,C,Y,N,D,3,0,0,0,22350.0,2,39.07160012,-122.91456169,3
2014,2014-08-04,1505,8,2,15,1,N,A,N,A,H,A,C,02,W,08,E,,,Y,,I,Y,N,D,1,0,0,1,22107.0,1,39.01064817,-122.82960079,3
2014,2014-08-08,1420,8,2,14,5,N,A,Y,A,H,A,A,01,S,01,F,,,,,A,Y,N,D,3,0,0,0,23152.0,1,38.91851572,-122.7075306,3
2014,2014-08-18,815,8,2,8,1,N,A,Y,A,H,A,D,22,S,04,C,,,,,A,Y,N,D,1,0,0,0,21703.0,2,39.01466778,-122.91138539,4
2014,2014-08-10,1730,8,2,17,7,N,A,Y,A,H,A,A,01,N,05,A,,,,,C,Y,N,D,2,0,0,0,21460.0,2,38.8563978,-122.62396498,4
2014,2014-07-12,940,7,2,9,6,N,A,Y,A,H,A,A,07,E,01,C,,,,,E,Y,N,D,1,0,0,0,23152.0,2,39.09302395,-122.79887207,2
2014,2014-08-02,1800,8,2,18,6,N,A,N,A,D,A,C,02,E,03,C,,,Y,,C,Y,N,A,2,0,0,2,22350.0,2,38.7499021,-122.59371993,4
2014,2014-08-16,1245,8,2,12,6,N,A,Y,A,H,A,A,01,E,08,E,,,,,I,Y,N,D,2,0,0,0,22107.0,1,38.9280671,-122.78159562,3
2014,2014-08-18,1145,8,2,11,1,N,A,N,A,H,A,A,01,W,08,E,,,,,I,Y,N,D,1,0,0,0,22107.0,1,39.09169981,-122.79289291,3
2013,2013-10-03,621,10,3,6,4,N,A,Y,A,H,D,J,48,N,22,A,,,,,C,Y,N,D,2,0,0,0,,3,38.9094851,-122.6779733,1
2014,2014-05-11,2118,5,1,21,7,N,A,Y,A,H,D,A,01,W,01,E,,,,,I,Y,N,D,1,0,0,0,23152.0,1,38.86697056,-122.71925697,1
2014,2014-08-08,2142,8,2,21,5,N,A,Y,A,H,D,C,02,E,01,E,,,Y,,I,Y,N,D,1,0,0,1,23152.0,1,39.01967903,-122.67639741,2
2014,2014-08-16,2025,8,2,20,6,N,A,Y,A,H,D,A,07,E,05,B,,,,,C,Y,N,D,1,0,0,0,21460.0,2,39.15733552,-122.98972721,2
2014,2014-09-02,2200,9,3,22,2,N,A,Y,A,H,D,-,- ,W,18,H,,,Y,,H,N,N,A,1,0,0,1,,1,39.10563244,-122.81156533,3
2014,2014-08-27,1747,8,2,17,3,N,A,Y,A,H,A,D,22,E,01,E,,,,,I,N,M,D,1,0,0,0,23152.0,1,38.87714357,-122.73266621,4
2014,2014-07-31,1532,7,2,15,4,N,A,N,A,H,A,A,01,E,05,A,,,,Y,C,,N,D,2,0,0,0,21460.0,2,38.88337549,-122.66728491,4
2014,2014-09-05,910,9,3,9,5,N,A,N,A,H,A,A,01,S,03,C,,,,,C,N,M,D,1,0,0,0,22350.0,2,38.91126253,-122.6061,4
2014,2014-07-19,1240,7,2,12,6,N,A,Y,A,H,A,C,02,W,08,F,,,Y,,A,Y,N,D,2,0,0,2,22107.0,1,38.79214892,-122.69753985,3
2014,2014-08-31,1335,8,2,13,7,N,A,Y,A,H,A,A,01,E,08,E,,,,,I,Y,N,A,1,0,0,0,22107.0,1,39.11879404,-122.83386665,4
2014,2014-08-19,1257,8,2,12,2,N,A,N,A,H,A,A,01,N,01,B,,,,,C,Y,F,D,2,0,0,0,23152.0,2,39.02058883,-122.91361366,3
2014,2014-09-12,900,9,3,9,5,Y,A,N,A,H,A,A,01,,09,D,,,,,C,Y,N,A,1,0,0,0,21802.0,2,39.12235998,-122.83974,4
2014,2014-08-28,1326,8,2,13,4,N,A,Y,A,H,A,D,22,S,04,C,,,,,C,N,N,D,1,0,0,0,21703.0,2,38.75950936,-122.60364956,4
2014,2014-03-19,759,3,1,7,3,N,A,N,A,B,A,A,01,S,03,A,,,,,I,Y,N,D,3,0,0,0,22350.0,1,,,3
2014,2014-08-30,2300,8,2,23,6,N,A,N,A,H,D,A,01,N,01,E,,,,,I,Y,N,D,1,0,0,0,23152.0,1,38.9667667,-122.84359969,2
2014,2014-09-18,1040,9,3,10,4,Y,B,Y,B,H,A,A,01,,03,C,,,,,C,Y,N,D,1,0,0,0,22350.0,2,38.94252195,-122.79163005,4
2014,2014-08-31,1420,8,2,14,7,N,A,Y,A,H,A,C,02,W,01,C,,,Y,,C,Y,N,A,2,0,0,2,23152.0,2,39.12300931,-122.84678514,4
2014,2014-09-03,1525,9,3,15,3,N,A,N,A,H,A,C,02,W,08,E,,,Y,,I,Y,N,D,1,0,0,1,22107.0,1,38.97111405,-122.74415233,4
2014,2014-08-31,2100,8,2,21,7,N,A,Y,A,H,D,A,01,S,08,E,,,,,I,Y,N,D,2,0,0,0,22107.0,1,38.70266158,-122.60406421,4
2014,2014-09-16,1429,9,3,14,2,Y,A,Y,A,H,A,D,22,,03,C,,,,,C,N,N,D,1,0,0,0,22350.0,3,39.01690701,-122.91291444,4
2014,2014-09-09,550,9,3,5,2,N,A,Y,A,H,D,G,25,E,08,F,,,,Y,A,Y,N,D,1,0,0,0,22107.0,1,39.00155513,-122.49637903,4
2014,2014-09-17,1512,9,3,15,3,N,A,N,A,H,A,A,01,S,01,C,,,,,C,Y,N,D,2,0,0,0,23152.0,2,39.06376519,-122.91382523,4
2014,2014-09-21,1350,9,3,13,7,Y,A,Y,A,H,A,D,22,,08,B,,,Y,,C,Y,N,A,2,0,0,2,22107.0,2,39.00876574,-122.61440055,2
2014,2014-09-24,1730,9,3,17,3,N,B,Y,B,H,A,A,01,W,08,E,,,,,I,Y,N,D,1,0,0,0,22107.0,1,39.03908793,-122.74595437,3
2014,2014-09-16,1748,9,3,17,2,N,A,Y,A,H,A,A,07,E,01,F,,,,,A,Y,N,A,1,0,0,0,23152.0,1,39.01013308,-122.4308895,3
2014,2014-09-18,1031,9,3,10,4,N,B,Y,B,H,A,J,48,W,08,A,,,,,C,Y,N,D,2,0,0,0,22107.0,2,39.0465826,-122.77767135,2
2014,2014-09-22,2330,9,3,23,1,N,A,Y,A,H,D,A,01,S,08,F,,,,,A,Y,N,D,1,0,0,0,22107.0,1,38.83941873,-122.5904349,4
2014,2014-09-23,1835,9,3,18,2,N,A,N,A,H,A,D,22,W,01,E,,,,,I,Y,N,D,1,0,0,0,23152.0,2,38.95178106,-122.72165398,3
2014,2014-09-19,1150,9,3,11,5,N,A,N,A,H,A,A,01,S,03,C,,,,,C,N,N,D,1,0,0,0,22350.0,2,39.06375149,-122.91382404,4
2014,2014-09-19,1419,9,3,14,5,Y,A,Y,A,H,A,A,01,,03,C,,,,,C,Y,N,D,2,0,0,0,22350.0,4,38.974191,-122.83821237,2
2014,2014-09-24,1940,9,3,19,3,N,C,Y,B,H,D,N,60,W,11,G,Y,,,,B,Y,N,D,1,1,0,0,21956.0,2,39.12284458,-122.84343987,2
2014,2014-09-26,1228,9,3,12,5,N,B,N,A,H,A,A,01,W,08,E,,,,,I,Y,N,D,2,0,0,0,22107.0,1,38.94862787,-122.69795716,3
2014,2014-10-03,554,10,3,5,5,Y,A,Y,A,H,A,A,01,,09,A,,,,,C,Y,N,D,4,0,0,0,21801.0,2,38.75669881,-122.60756797,2
2014,2014-10-04,1439,10,3,14,6,Y,A,Y,A,H,A,A,01,,09,A,,,,,C,Y,N,A,2,0,0,0,21801.0,2,38.97234009,-122.83278744,2
2014,2014-10-08,1112,10,3,11,3,N,A,Y,A,H,A,A,01,S,03,C,,,,,C,N,N,A,1,0,0,0,22350.0,2,38.91004359,-122.61230072,4
2014,2014-10-07,1335,10,3,13,2,N,A,N,A,H,A,A,01,S,21,G,Y,,,,B,N,N,D,1,1,0,0,22106.0,2,38.97419815,-122.82400517,4
2014,2014-10-05,1450,10,3,14,7,N,A,N,A,H,A,A,01,S,08,E,,,,,I,Y,N,D,1,0,0,0,22107.0,1,39.08344428,-122.60525214,3
2014,2014-10-14,950,10,3,9,2,N,A,Y,A,H,A,D,22,E,05,B,,,,Y,C,Y,N,A,2,0,0,0,21460.0,2,39.02025299,-122.68543805,3
2014,2014-09-27,1742,9,3,17,6,N,A,Y,B,H,A,A,07,W,03,F,,,,,A,Y,N,D,1,0,0,0,22350.0,1,39.0220932,-122.71736681,4
2014,2014-10-19,719,10,3,7,7,N,B,Y,B,H,A,D,22,N,08,F,,,,,A,Y,N,D,1,0,0,0,22107.0,1,39.14694384,-122.91868789,4
2014,2014-10-22,710,10,3,7,3,Y,B,Y,A,H,B,A,01,,03,-,,,,,C,Y,N,D,1,0,0,0,22350.0,2,38.90972392,-122.61687552,4
2014,2014-10-04,1843,10,3,18,6,N,A,N,A,H,A,C,02,W,03,E,,,Y,,I,N,N,D,1,0,0,1,22350.0,1,39.01481292,-122.89431095,2
2014,2014-10-03,1924,10,3,19,5,N,A,N,A,H,D,-,- ,E,18,H,,,Y,,H,Y,N,D,1,0,0,1,,1,39.09452,-122.96429055,3
2014,2014-10-15,1240,10,3,12,3,N,B,N,A,H,A,A,07,S,03,C,,,,,C,N,N,D,1,0,0,0,22350.0,2,39.02321848,-122.91479468,4
2014,2014-10-20,950,10,3,9,1,Y,B,N,B,H,A,C,02,,03,E,,,Y,,I,Y,N,A,1,0,0,1,22350.0,1,38.75507995,-122.61630996,3
2014,2014-10-27,1750,10,3,17,1,N,A,Y,A,H,A,A,01,N,03,C,,,,,C,Y,N,D,1,0,0,0,22350.0,2,38.9032331,-122.61224078,4
2014,2014-10-23,723,10,3,7,4,N,B,N,A,H,B,F,24,N,01,H,,Y,,Y,G,Y,N,D,1,0,1,0,23152.0,2,39.17349041,-122.9038918,2
2014,2014-10-31,940,10,3,9,5,N,B,Y,B,H,A,A,01,W,08,E,,,,,I,Y,N,D,1,0,0,0,22107.0,1,39.02318527,-122.47575427,3
2014,2014-10-30,1620,10,3,16,4,N,A,Y,A,H,A,-,- ,S,18,E,,,,,I,Y,N,D,1,0,0,0,,1,38.94321892,-122.77491357,4
2014,2014-10-29,1226,10,3,12,3,N,A,N,A,H,A,A,08,E,13,E,,,,,I,Y,N,D,1,0,0,0,22515.0,1,38.98497005,-122.74152984,4
2014,2014-10-26,1405,10,3,14,7,N,A,N,A,H,A,C,02,W,01,F,,,Y,,A,Y,N,D,1,0,0,1,23152.0,1,39.01086283,-122.82909783,4
2014,2014-10-27,1830,10,3,18,1,N,A,Y,A,H,C,A,07,E,08,E,,,,,I,Y,N,D,1,0,0,0,22107.0,1,39.03960494,-122.76233794,2
2014,2014-11-02,750,11,3,7,7,N,A,Y,A,H,A,A,01,E,01,E,,,,,I,Y,N,D,1,0,0,0,23152.0,1,39.12289825,-122.85033743,4
2014,2014-11-18,1039,11,3,10,2,N,B,Y,A,H,A,D,22,E,08,E,,,,,I,Y,N,D,1,0,0,0,22107.0,1,39.02470923,-122.67397704,2
2014,2014-11-12,1600,11,3,16,3,N,A,Y,A,H,A,A,01,S,03,C,,,,,C,Y,N,A,3,0,0,0,22350.0,2,39.00069556,-122.89374211,4
2014,2014-11-02,2008,11,3,20,7,N,A,Y,A,H,D,A,01,N,01,E,,,,,I,Y,N,D,1,0,0,0,23152.0,1,38.83425293,-122.58910236,3
2014,2014-11-01,330,11,3,3,6,N,A,N,A,H,D,A,01,E,01,E,,,,,I,Y,N,D,1,0,0,0,23152.0,1,38.90845143,-122.58105652,2
2014,2014-12-26,2040,12,4,20,5,N,A,Y,A,H,D,N,60,E,11,G,Y,,,,B,N,N,D,0,0,0,0,21954.0,2,39.16896437,-123.00624827,1
2014,2014-11-19,1510,11,3,15,3,N,B,Y,B,H,A,A,01,E,08,E,,,,,I,Y,N,D,1,0,0,0,22107.0,1,39.0108631,-122.41255542,4
2014,2014-11-20,1604,11,3,16,4,Y,C,Y,B,H,B,A,07,,09,D,,,,,C,Y,N,A,1,0,0,0,21802.0,2,39.1549142,-122.89140964,3
2014,2014-11-14,935,11,3,9,5,N,A,Y,A,D,A,A,01,N,03,C,,,,,C,Y,N,A,4,0,0,0,22350.0,4,38.99530767,-122.88225815,3
2014,2014-11-13,1110,11,3,11,4,N,C,Y,B,H,A,A,07,W,08,A,,,,,C,N,N,D,1,0,0,0,22107.0,2,38.83273701,-122.72124739,4
2014,2014-11-28,1604,11,3,16,5,N,B,N,B,H,A,A,01,E,03,E,,,,,I,Y,N,D,2,0,0,0,22350.0,1,38.79851154,-122.54807343,4
2014,2014-11-18,1200,11,3,12,2,N,A,Y,A,H,A,A,07,W,08,E,,,,,I,Y,N,D,1,0,0,0,22107.0,1,39.03311277,-122.74300578,4
2014,2014-10-25,939,10,3,9,6,N,B,Y,B,H,A,A,01,W,08,E,,,,,I,Y,N,D,2,0,0,0,22107.0,1,38.85763753,-122.72193119,4
2014,2014-11-30,1215,11,3,12,7,Y,B,N,B,H,A,A,01,,09,D,,,,,C,Y,N,A,1,0,0,0,21802.0,2,39.16459991,-122.91077996,4
2014,2014-12-08,1816,12,4,18,1,N,B,Y,B,H,D,-,- ,S,18,H,,,,,H,Y,N,A,1,0,0,0,,1,38.94930318,-122.82543265,4
2014,2014-11-28,1830,11,3,18,5,N,B,Y,B,H,D,D,22,W,03,B,Y,,,,C,Y,N,D,1,1,0,0,22350.0,3,38.94359356,-122.73642731,2
2014,2014-12-01,1020,12,4,10,1,N,B,Y,B,H,-,A,01,S,03,C,,,,,C,N,N,D,1,0,0,0,22350.0,2,39.01562622,-122.9120325,4
2014,2014-12-02,1333,12,4,13,2,N,B,Y,B,H,A,A,01,S,01,E,,,,,I,Y,N,D,1,0,0,0,23152.0,1,38.91043202,-122.63317439,3
2014,2014-11-07,1630,11,3,16,5,N,A,Y,A,H,A,C,02,W,08,F,,,Y,,A,Y,N,D,1,0,0,1,22107.0,1,38.99329391,-122.92826384,4
2014,2014-12-21,1730,12,4,17,7,N,B,N,B,H,D,D,22,E,05,A,,,,,C,Y,N,D,1,0,0,0,21650.0,2,38.827994,-122.52605081,4
2014,2014-12-16,1655,12,4,16,2,N,B,N,B,H,D,A,01,S,05,A,,,,,C,Y,N,D,1,0,0,0,21460.0,2,38.85326633,-122.75792726,4
2014,2014-12-13,1758,12,4,17,6,N,B,Y,B,H,D,N,60,E,11,G,Y,,,,B,N,N,A,0,0,0,0,21954.0,2,39.16206702,-122.90906846,1
2014,2014-12-12,1140,12,4,11,5,N,B,Y,B,H,A,A,01,E,08,E,,,,,I,Y,N,D,1,0,0,0,22107.0,1,39.00170395,-122.4960381,3
2014,2014-12-01,1110,12,4,11,1,N,B,Y,B,H,A,A,07,N,09,D,,,,,C,Y,N,D,2,0,0,0,21804.0,2,38.91119117,-122.61233188,4
2014,2014-11-24,1325,11,3,13,1,N,A,Y,A,H,A,-,- ,N,18,H,,,,Y,C,Y,N,D,1,0,0,0,,2,39.08941065,-122.91824467,2
2015,2015-04-16,2011,4,1,20,4,N,A,Y,A,H,D,A,01,W,03,C,,,,,C,Y,N,D,1,0,0,0,22350.0,3,39.01112632,-122.62460324,3
2015,2015-04-12,1303,4,1,13,7,N,A,Y,A,H,A,B,07,S,08,E,,,,,I,Y,N,A,2,0,0,0,22107.0,1,39.15037149,-122.91998542,3
2014,2014-12-23,1340,12,4,13,2,N,A,Y,A,H,A,A,01,S,01,B,,,,Y,C,Y,N,D,1,0,0,0,23152.0,3,38.68688072,-122.59470557,3
2014,2014-12-28,1607,12,4,16,7,N,A,Y,A,H,A,A,01,E,03,C,,,,,C,Y,N,A,2,0,0,0,22350.0,2,39.01361942,-122.63459179,4
2014,2014-12-07,1640,12,4,16,7,N,B,N,A,H,B,C,03,S,08,E,,,Y,,I,Y,N,D,1,0,0,1,22107.0,1,38.97306275,-122.82535376,3
2014,2014-12-24,2049,12,4,20,3,N,A,N,A,H,D,A,07,W,01,F,,,,,A,Y,N,D,1,0,0,0,23152.0,1,38.91366689,-122.6101757,3
2015,2015-01-01,155,1,4,1,4,N,A,Y,A,H,D,D,22,W,01,E,,,,,I,Y,F,D,2,0,0,0,23152.0,1,38.87000344,-122.72013768,2
2014,2014-12-29,545,12,4,5,1,N,A,N,C,H,D,D,22,W,03,E,,,,,I,Y,N,D,1,0,0,0,22350.0,1,39.00126206,-122.7615909,3
2014,2014-12-26,35,12,4,0,5,N,A,N,A,H,D,A,07,E,01,E,,,,,I,Y,M,D,1,0,0,0,23152.0,1,39.01066518,-122.8950306,3
2014,2014-12-21,2140,12,4,21,7,N,A,Y,A,H,D,A,07,N,08,E,,,,,I,Y,N,D,1,0,0,0,22107.0,1,38.92607607,-122.7212397,4
2014,2014-12-16,620,12,4,6,2,N,B,Y,B,H,D,A,01,E,08,E,,,,,I,Y,N,D,1,0,0,0,22107.0,1,39.17872612,-123.01819996,3
2014,2014-12-23,1135,12,4,11,2,N,A,Y,A,H,A,A,07,E,03,C,,,,,C,Y,N,D,2,0,0,0,22350.0,2,38.95120656,-122.73118249,4
2015,2015-01-01,1350,1,4,13,4,N,A,Y,A,H,A,A,07,W,01,E,,,,,I,Y,N,D,1,0,0,0,23152.0,1,38.83300127,-122.72206884,4
2015,2015-01-08,1430,1,4,14,4,N,A,Y,A,H,-,A,01,E,03,C,,,,,C,N,N,D,1,0,0,0,22350.0,2,39.08944475,-122.79522467,4
2015,2015-01-20,655,1,4,6,2,N,A,Y,B,H,B,A,07,N,03,C,,,,,C,Y,N,D,2,0,0,0,22350.0,2,38.9357522,-122.75426839,4
2015,2015-01-06,1050,1,4,10,2,N,A,N,A,H,A,A,01,S,08,E,,,,,I,Y,N,D,1,0,0,0,22107.0,1,39.01342995,-122.87558959,4
2015,2015-01-13,2305,1,4,23,2,N,A,N,A,H,D,A,01,E,01,E,,,,,I,Y,N,D,2,0,0,0,23152.0,1,39.04954383,-122.94260847,2
2015,2015-01-13,755,1,4,7,2,Y,A,Y,A,H,A,A,01,,09,D,,,,,C,Y,N,D,2,0,0,0,21801.0,2,38.91433197,-122.61224387,4
2015,2015-01-19,1655,1,4,16,1,Y,A,Y,A,H,A,D,22,,09,D,,,,,C,Y,N,A,1,0,0,0,21802.0,2,38.97102085,-122.83036477,4
2015,2015-01-24,1245,1,4,12,6,N,A,Y,A,H,A,A,01,S,03,C,,,,,C,N,N,A,1,0,0,0,22350.0,2,39.00916974,-122.90771135,4
2015,2015-01-25,1910,1,4,19,7,Y,A,Y,A,B,D,C,02,,08,F,,,Y,,A,Y,N,D,1,0,0,1,22107.0,1,38.98409238,-122.85707923,2
2015,2015-01-23,1814,1,4,18,5,N,A,Y,A,H,D,D,22,N,12,E,,,,,J,Y,N,A,1,0,0,0,22450.0,1,38.94457961,-122.81514338,4
2015,2015-01-24,353,1,4,3,6,N,A,Y,A,H,D,A,07,S,08,E,,,,,J,Y,N,D,1,0,0,0,22107.0,1,39.15052902,-122.92002146,4
2015,2015-01-24,940,1,4,9,6,N,A,Y,A,H,A,A,01,N,08,E,,,,,I,Y,N,A,1,0,0,0,22107.0,1,38.74861072,-122.61688572,4
2015,2015-01-25,1210,1,4,12,7,Y,A,N,A,H,A,A,01,,08,D,,,,,C,Y,N,A,2,0,0,0,22107.0,2,39.01489998,-122.88737994,4
2015,2015-01-21,1048,1,4,10,3,N,A,N,A,H,A,A,07,E,08,E,,,,,I,Y,N,D,1,0,0,0,22107.0,1,39.00768795,-122.82419801,3
2015,2015-01-13,1405,1,4,14,2,N,A,Y,A,H,A,-,- ,N,18,H,,,,,A,Y,N,D,5,0,0,0,,1,38.78638948,-122.56791564,4
2015,2015-01-28,1930,1,4,19,3,N,B,N,A,H,D,D,22,W,08,F,,,,,A,Y,N,D,1,0,0,0,22107.0,1,38.89855818,-122.55659319,3
2015,2015-01-30,525,1,4,5,5,N,A,Y,A,H,D,A,01,E,08,E,,,,,I,Y,N,D,1,0,0,0,22107.0,1,39.03506633,-122.74488,4
2015,2015-02-06,250,2,4,2,5,N,C,Y,B,H,D,J,48,W,22,E,,,,,J,N,N,D,1,0,0,0,,1,39.01950442,-122.6774648,3
2015,2015-02-11,1100,2,4,11,3,N,A,Y,A,H,A,D,22,E,21,D,,,,,C,Y,N,D,3,0,0,0,22106.0,2,39.02141467,-122.69097705,3
2015,2015-02-11,925,2,4,9,3,Y,A,Y,A,H,A,A,01,,09,D,,,,,C,Y,N,A,1,0,0,0,21801.0,3,38.95302551,-122.72870438,4
2015,2015-02-04,1654,2,4,16,3,N,A,Y,A,H,B,A,07,N,08,E,,,,,I,Y,N,D,2,0,0,0,22107.0,1,38.82705839,-122.58241546,3
2015,2015-01-17,135,1,4,1,6,N,C,N,B,H,D,A,07,S,01,E,,,,,J,Y,N,D,1,0,0,0,23152.0,1,38.98212,-122.84236,3
2015,2015-01-28,1500,1,4,15,3,N,A,N,A,H,A,A,01,N,08,E,,,,,I,Y,N,A,3,0,0,0,22107.0,1,38.82754196,-122.54316688,3
2015,2015-01-17,1830,1,4,18,6,N,A,N,A,H,D,C,02,S,01,F,,,Y,,A,Y,N,D,1,0,0,1,23152.0,1,39.08209563,-122.60445686,3
2015,2015-02-07,2245,2,4,22,6,N,A,Y,A,H,D,A,01,S,01,E,,,,,I,Y,N,D,1,0,0,0,23152.0,1,38.9161023,-122.69398032,3
2015,2015-03-10,800,3,1,8,2,Y,A,Y,A,H,A,D,22,,03,C,,,,,C,Y,N,D,3,0,0,0,22350.0,3,39.15997822,-122.89631069,3
2014,2014-10-25,943,10,3,9,6,Y,A,N,A,H,A,A,01,,12,D,,,,,C,N,N,A,2,0,0,0,22450.0,2,38.9588699,-122.64640991,4
2015,2015-02-15,1205,2,4,12,7,N,A,Y,A,H,A,A,01,E,03,C,,,,,C,Y,N,D,2,0,0,0,22350.0,2,39.12423316,-122.85974384,4
2015,2015-02-18,300,2,4,3,3,N,E,Y,A,H,D,A,01,S,08,E,,,,,I,Y,N,D,1,0,0,0,22107.0,1,39.10962655,-122.91033135,3
2015,2015-02-10,1325,2,4,13,2,N,A,N,A,H,A,A,01,W,08,E,,,,,I,Y,N,D,1,0,0,0,22107.0,1,39.12248106,-122.84032258,4
2015,2015-02-22,1400,2,4,14,7,N,A,Y,A,H,A,A,01,W,03,E,,,,,I,Y,M,D,1,0,0,0,22350.0,1,38.78216315,-122.6863486,3
2015,2015-02-24,150,2,4,1,2,N,A,Y,A,H,D,A,01,W,01,E,,,,,I,Y,N,D,1,0,0,0,23152.0,1,38.77363764,-122.66836189,2
2015,2015-02-17,1351,2,4,13,2,N,A,N,A,H,E,-,- ,W,18,H,,,Y,,H,N,N,D,1,0,0,1,,1,39.06716,-122.95713,4
2015,2015-02-14,1631,2,4,16,6,N,A,Y,A,H,A,C,02,W,01,F,,,Y,,A,Y,N,D,0,0,0,0,23152.0,2,38.78549876,-122.69231142,1
2014,2014-11-22,2212,11,3,22,6,N,A,Y,A,H,D,L,04,S,01,H,,Y,,,G,N,N,D,0,0,0,0,21200.0,3,38.74265774,-122.62323104,1
2015,2015-05-09,1349,5,1,13,6,N,A,N,A,H,A,D,22,E,01,A,,,,,E,Y,N,D,0,0,0,0,23152.0,3,39.12092478,-122.86151223,1
2015,2015-02-27,1630,2,4,16,5,Y,A,N,A,H,A,D,22,,09,D,,,,,C,Y,N,D,1,0,0,0,21802.0,2,39.12307991,-122.84322987,4
2015,2015-03-04,1445,3,1,14,3,N,A,N,A,H,A,D,22,S,08,E,,,,,I,Y,N,A,1,0,0,0,22107.0,1,38.89334681,-122.66523192,3
2015,2015-03-08,740,3,1,7,7,N,A,Y,A,H,A,A,01,W,08,E,,,,,I,Y,N,D,1,0,0,0,22107.0,1,39.01392128,-122.63579548,4
2015,2015-03-06,1040,3,1,10,5,N,A,Y,A,H,A,A,01,E,08,E,,,,,H,Y,N,D,1,0,0,0,22107.0,1,39.00164291,-122.55885892,4
2015,2015-03-03,1220,3,1,12,2,N,A,Y,A,H,A,A,01,W,08,E,,,,,I,Y,N,D,2,0,0,0,22107.0,1,39.01541308,-122.63935496,4
2015,2015-03-01,2015,3,1,20,7,N,A,Y,A,H,D,A,07,S,08,E,,,,,I,Y,N,D,1,0,0,0,22107.0,1,38.92560003,-122.71903132,3
2015,2015-03-01,1055,3,1,10,7,N,A,Y,A,H,A,C,02,E,08,E,,,Y,,I,Y,N,D,1,0,0,1,22107.0,1,38.80550815,-122.70557251,2
2015,2015-03-21,1705,3,1,17,6,N,A,Y,A,H,A,D,22,E,03,C,,,,,C,N,N,D,4,0,0,0,22350.0,3,39.11716265,-122.83016953,4
2015,2015-02-13,1237,2,4,12,5,Y,A,N,A,H,A,D,22,,03,C,,,,,C,N,N,D,1,0,0,0,22350.0,2,38.94994999,-122.63545986,4
2015,2015-03-16,1755,3,1,17,1,N,A,Y,A,H,A,A,01,S,01,C,,,,,C,N,N,D,1,0,0,0,23152.0,2,38.97234009,-122.83278744,4
2015,2015-03-16,1910,3,1,19,1,N,A,N,A,H,B,A,01,S,01,A,,,,,C,Y,N,D,2,0,0,0,23152.0,2,38.9984879,-122.75293325,4